{ "backgroundcolor":"#003ac6",
 "height":17,
 "layers":[
        {
         "data":[1, 1, 3, 1, 1, 1, 0, 0, 0, 1, 1, 0, 0, 0, 1, 1, 0, 0, 3, 1, 1, 1, 3, 1, 1, 1, 0, 0, 0, 0, 0, 0, 0, 0, 0, 0, 0, 0, 0, 0, 0, 0, 0, 0, 0, 0, 0, 0, 0, 1, 3, 0, 0, 0, 0, 0, 0, 0, 0, 0, 0, 0, 0, 0, 0, 0, 0, 0, 0, 0, 0, 0, 0, 0, 3, 1, 0, 0, 0, 0, 0, 0, 0, 0, 2684354561, 1, 0, 0, 0, 1, 2684354561, 0, 0, 0, 0, 0, 0, 0, 0, 1, 1, 0, 0, 0, 0, 0, 0, 0, 2684354561, 1, 0, 0, 0, 0, 0, 1, 2684354561, 0, 0, 0, 0, 0, 0, 0, 1, 1, 0, 0, 0, 0, 0, 0, 1, 3, 0, 0, 0, 0, 0, 0, 0, 3, 2684354561, 0, 0, 0, 0, 0, 0, 1, 1, 0, 0, 0, 0, 1, 1, 0, 0, 0, 0, 0, 0, 0, 0, 0, 0, 0, 2684354561, 2684354561, 0, 0, 0, 0, 1, 1, 0, 0, 0, 0, 0, 0, 0, 0, 0, 0, 0, 0, 0, 0, 0, 0, 0, 0, 0, 0, 0, 0, 0, 1, 3, 0, 0, 0, 0, 0, 0, 0, 0, 0, 0, 0, 0, 0, 0, 0, 0, 0, 0, 0, 0, 0, 0, 0, 3, 1, 0, 0, 0, 0, 0, 0, 0, 0, 0, 0, 0, 0, 0, 0, 0, 0, 0, 0, 0, 0, 0, 0, 0, 1, 1, 1, 1, 1, 1, 0, 0, 0, 0, 0, 0, 0, 0, 0, 0, 0, 0, 0, 0, 0, 2684354561, 2684354561, 2684354561, 2684354561, 1, 1, 0, 0, 0, 0, 0, 0, 0, 0, 1, 3, 1, 1, 1, 3, 1, 0, 0, 0, 0, 0, 0, 0, 0, 1, 1, 0, 0, 0, 0, 0, 0, 0, 2684354561, 0, 0, 0, 0, 0, 0, 0, 2684354561, 0, 0, 0, 0, 0, 0, 0, 1, 3, 0, 0, 0, 0, 0, 2684354561, 2684354561, 0, 0, 0, 0, 0, 0, 0, 0, 0, 2684354561, 2684354561, 0, 0, 0, 0, 0, 3, 1, 0, 0, 0, 0, 0, 0, 0, 0, 0, 0, 0, 1, 0, 0, 0, 0, 0, 0, 0, 0, 0, 0, 0, 1, 1, 0, 0, 0, 0, 0, 0, 0, 0, 0, 0, 0, 0, 0, 0, 0, 0, 0, 0, 0, 0, 0, 0, 0, 1, 1, 1, 3, 1, 1, 1, 1, 3, 1, 1, 0, 0, 0, 0, 0, 1, 1, 3, 1, 1, 1, 1, 3, 1, 1],
         "height":17,
         "name":"Tile Layer 1",
         "opacity":1,
         "type":"tilelayer",
         "visible":true,
         "width":25,
         "x":0,
         "y":0
        }],
 "nextobjectid":1,
 "orientation":"orthogonal",
 "properties":
    {

    },
 "renderorder":"right-down",
 "tileheight":20,
 "tilesets":[
        {
         "firstgid":1,
         "image":"..\/..\/..\/..\/Pictures\/tileset.png",
         "imageheight":60,
         "imagewidth":60,
         "margin":0,
         "name":"tileset",
         "properties":
            {

            },
         "spacing":0,
         "tilecount":9,
         "tileheight":20,
         "tilewidth":20
        }],
 "tilewidth":20,
 "version":1,
 "width":25
}